subreddit,
all,
popular,
AskReddit,
books,
movies,
Jokes,
gaming,
worldnews,
todayilearned,
news,
mildlyinteresting,
aww,
Showerthoughts,
television,
science,
apple,
MachineLearning,
funny,
todayilearned,
worldnews,
science,
IAmA,
videos,
aww,
Music,
blog,
news,
explainlikeimfive,
askscience,
EarthPorn,
television,
mildyinteresting,
LifeProTips,
Showerthoughts,
space,
DIY,
gadgets,
nottheonion,
sports,
tifu,
food,
photoshopbattles,
Documentaries,
dataisbeautiful,
Futurology,
UpliftingNews
history,
GetMotivated,
listentothis,
personalfinance,